id,text,is_spam,source
1057,Display malfunction degradasi performa setelah 100 jam operasi penggunaan outdoor jangka panjang,0,Normal manufacturing bugs
1058,Ground loop koneksi tidak stabil di penggunaan field kondisi lembab dengan paparan korosi,0,Normal manufacturing bugs
1059,Kapasitor Meledak kegagalan output stage penggunaan outdoor jangka panjang,0,Normal manufacturing bugs
1060,Kapasitor Meledak degradasi performa setelah 100 jam operasi kondisi lembab dengan paparan korosi,0,Normal manufacturing bugs
1061,Solderan Retak intermittent fault saat temperature tinggi penggunaan kontinyu tanpa henti,0,Normal manufacturing bugs
1062,Power supply error solderan retak akibat thermal cycling penggunaan kontinyu tanpa henti,0,Normal manufacturing bugs
1063,DCDC short kegagalan output stage lingkungan dengan banyak getaran mesin,0,Normal manufacturing bugs
1064,Ground loop kegagalan output stage penggunaan outdoor jangka panjang,0,Normal manufacturing bugs
1065,Koneksi longgar komponen rusak karena tegangan berlebih kondisi lembab dengan paparan korosi,0,Normal manufacturing bugs
1066,Impedance mismatch koneksi tidak stabil di penggunaan field kondisi lembab dengan paparan korosi,0,Normal manufacturing bugs
1067,Solderan Retak solderan retak akibat thermal cycling lingkungan dengan banyak getaran mesin,0,Normal manufacturing bugs
1068,Sensor timeout degradasi performa setelah 100 jam operasi kondisi lembab dengan paparan korosi,0,Normal manufacturing bugs
1069,tidak bisa charge intermittent fault saat temperature tinggi penggunaan outdoor jangka panjang,0,Normal manufacturing bugs
"1070,""Kapasitor Meledak degradasi performa setelah 100 jam operasi penggunaan di posko, kondisi panas"",0,Normal manufacturing bugs"
1071,tidak bisa charge intermittent fault saat temperature tinggi lingkungan dengan banyak getaran mesin,0,Normal manufacturing bugs
1072,tidak bisa charge komponen rusak karena tegangan berlebih lingkungan dengan banyak getaran mesin,0,Normal manufacturing bugs
1073,Ground loop short circuit pada supply rail kondisi lembab dengan paparan korosi,0,Normal manufacturing bugs
1074,tidak bisa charge short circuit pada supply rail lingkungan dengan banyak getaran mesin,0,Normal manufacturing bugs
"1075,""Display malfunction solderan retak akibat thermal cycling penggunaan di posko, kondisi panas"",0,Normal manufacturing bugs"
"1076,""Ground loop penggunaan di lapangan melebihi spesifikasi penggunaan di posko, kondisi panas"",0,Normal manufacturing bugs"
1077,Voltage drop short circuit pada supply rail penggunaan outdoor jangka panjang,0,Normal manufacturing bugs
1078,Impedance mismatch komponen rusak karena tegangan berlebih lingkungan dengan banyak getaran mesin,0,Normal manufacturing bugs
1079,Display malfunction komponen rusak karena tegangan berlebih penggunaan kontinyu tanpa henti,0,Normal manufacturing bugs
1080,DCDC short penggunaan di lapangan melebihi spesifikasi penggunaan kontinyu tanpa henti,0,Normal manufacturing bugs
1081,Display malfunction intermittent fault saat temperature tinggi lingkungan dengan banyak getaran mesin,0,Normal manufacturing bugs
1082,Buffer overflow short circuit pada supply rail penggunaan kontinyu tanpa henti,0,Normal manufacturing bugs
"1083,""Thermal runaway solderan retak akibat thermal cycling penggunaan di posko, kondisi panas"",0,Normal manufacturing bugs"
1084,Memory leak solderan retak akibat thermal cycling penggunaan kontinyu tanpa henti,0,Normal manufacturing bugs
1085,Buffer overflow degradasi performa setelah 100 jam operasi penggunaan outdoor jangka panjang,0,Normal manufacturing bugs
1086,tidak bisa charge short circuit pada supply rail penggunaan outdoor jangka panjang,0,Normal manufacturing bugs
1087,Thermal runaway intermittent fault saat temperature tinggi lingkungan dengan banyak getaran mesin,0,Normal manufacturing bugs
"1088,""tidak bisa charge degradasi performa setelah 100 jam operasi penggunaan di posko, kondisi panas"",0,Normal manufacturing bugs"
1089,Buffer overflow solderan retak akibat thermal cycling penggunaan outdoor jangka panjang,0,Normal manufacturing bugs
1090,Ground loop solderan retak akibat thermal cycling penggunaan kontinyu tanpa henti,0,Normal manufacturing bugs
"1091,""Impedance mismatch solderan retak akibat thermal cycling penggunaan di posko, kondisi panas"",0,Normal manufacturing bugs"
1092,Impedance mismatch intermittent fault saat temperature tinggi penggunaan kontinyu tanpa henti,0,Normal manufacturing bugs
1093,Buffer overflow komponen rusak karena tegangan berlebih penggunaan kontinyu tanpa henti,0,Normal manufacturing bugs
1094,Clock skew solderan retak akibat thermal cycling kondisi lembab dengan paparan korosi,0,Normal manufacturing bugs
1095,Clock skew kegagalan output stage kondisi lembab dengan paparan korosi,0,Normal manufacturing bugs
1096,Thermal runaway komponen rusak karena tegangan berlebih penggunaan outdoor jangka panjang,0,Normal manufacturing bugs
1097,DCDC short komponen rusak karena tegangan berlebih kondisi lembab dengan paparan korosi,0,Normal manufacturing bugs
1098,Impedance mismatch degradasi performa setelah 100 jam operasi penggunaan outdoor jangka panjang,0,Normal manufacturing bugs
1099,Display malfunction penggunaan di lapangan melebihi spesifikasi lingkungan dengan banyak getaran mesin,0,Normal manufacturing bugs
1100,Impedance mismatch koneksi tidak stabil di penggunaan field kondisi lembab dengan paparan korosi,0,Normal manufacturing bugs
1101,Clock skew solderan retak akibat thermal cycling lingkungan dengan banyak getaran mesin,0,Normal manufacturing bugs
"1102,""Power supply error kegagalan output stage penggunaan di posko, kondisi panas"",0,Normal manufacturing bugs"
"1103,""Thermal runaway short circuit pada supply rail penggunaan di posko, kondisi panas"",0,Normal manufacturing bugs"
1104,tidak bisa charge koneksi tidak stabil di penggunaan field penggunaan outdoor jangka panjang,0,Normal manufacturing bugs
1105,Kapasitor Meledak short circuit pada supply rail kondisi lembab dengan paparan korosi,0,Normal manufacturing bugs
1106,Impedance mismatch kegagalan output stage penggunaan kontinyu tanpa henti,0,Normal manufacturing bugs
"1107,WEIGHT LOSS PILLS - GUARANTEED Your bank account has been COMPROMISED!!! Click link!!! This is spam content - ignore this bug,1,""Obvious spam (VIAGRA, CASINO, etc)"""
"1108,BUY CHEAP DRUGS NOW!!! Buy cheap medications no prescription needed!!! !!!ADVERTISEMENT!!! Join our club!!!,1,""Obvious spam (VIAGRA, CASINO, etc)"""
"1109,!!!SPAM ALERT!!! Your bank account has been COMPROMISED!!! Click link!!! This is spam content - ignore this bug,1,""Obvious spam (VIAGRA, CASINO, etc)"""
"1110,BUY CHEAP DRUGS NOW!!! URGENT: You have won! Claim prize now at spam-site.com !!!ADVERTISEMENT!!! Join our club!!!,1,""Obvious spam (VIAGRA, CASINO, etc)"""
"1111,ENLARGEMENT PILLS - WORKS FAST Russian brides waiting for you! Join today!!! !!!ADVERTISEMENT!!! Join our club!!!,1,""Obvious spam (VIAGRA, CASINO, etc)"""
"1112,JOIN NOW - MAKE MILLIONS Click here: bit.ly/spam123 for amazing deals!!! FAKE ENVIRONMENT FOR SPAM TESTING,1,""Obvious spam (VIAGRA, CASINO, etc)"""
"1113,WEIGHT LOSS PILLS - GUARANTEED Your bank account has been COMPROMISED!!! Click link!!! FAKE ENVIRONMENT FOR SPAM TESTING,1,""Obvious spam (VIAGRA, CASINO, etc)"""
"1114,CASINO GAMES FREE MONEY SPAM SPAM SPAM SPAM SPAM SPAM SPAM This is spam content - ignore this bug,1,""Obvious spam (VIAGRA, CASINO, etc)"""
"1115,CASINO GAMES FREE MONEY SPAM SPAM SPAM SPAM SPAM SPAM SPAM !!!ADVERTISEMENT!!! Join our club!!!,1,""Obvious spam (VIAGRA, CASINO, etc)"""
"1116,Forex Trading Robot - 99% profit URGENT: You have won! Claim prize now at spam-site.com PROMOTIONAL: Buy products at spam.io,1,""Obvious spam (VIAGRA, CASINO, etc)"""
"1117,(((SCAM))) SPAM SPAM SPAM SPAM SPAM SPAM SPAM FAKE ENVIRONMENT FOR SPAM TESTING,1,""Obvious spam (VIAGRA, CASINO, etc)"""
"1118,LOTTERY WINNER CLICK!! URGENT: You have won! Claim prize now at spam-site.com This is spam content - ignore this bug,1,""Obvious spam (VIAGRA, CASINO, etc)"""
"1119,JOIN NOW - MAKE MILLIONS Free money transfer! Click: http://virus.com CLICK HERE: www.totally-not-spam.com,1,""Obvious spam (VIAGRA, CASINO, etc)"""
"1120,CASINO GAMES FREE MONEY Buy cheap medications no prescription needed!!! !!!ADVERTISEMENT!!! Join our club!!!,1,""Obvious spam (VIAGRA, CASINO, etc)"""
"1121,JOIN NOW - MAKE MILLIONS LADIES: Make $$$$ from home! Join us NOW!!! CLICK HERE: www.totally-not-spam.com,1,""Obvious spam (VIAGRA, CASINO, etc)"""
"1122,Make $5000 per week!!! Russian brides waiting for you! Join today!!! This is spam content - ignore this bug,1,""Obvious spam (VIAGRA, CASINO, etc)"""
"1123,Forex Trading Robot - 99% profit Get rich quick scheme - guaranteed results!!! PROMOTIONAL: Buy products at spam.io,1,""Obvious spam (VIAGRA, CASINO, etc)"""
"1124,FREE IPHONE 15 CLICK HERE LADIES: Make $$$$ from home! Join us NOW!!! This is spam content - ignore this bug,1,""Obvious spam (VIAGRA, CASINO, etc)"""
"1125,Forex Trading Robot - 99% profit THIS IS NOT A REAL BUG - CLICK SPAM LINK FAKE ENVIRONMENT FOR SPAM TESTING,1,""Obvious spam (VIAGRA, CASINO, etc)"""
"1126,!!!SPAM ALERT!!! LADIES: Make $$$$ from home! Join us NOW!!! FAKE ENVIRONMENT FOR SPAM TESTING,1,""Obvious spam (VIAGRA, CASINO, etc)"""
"1127,www.spam-click.com VISIT NOW Click here: bit.ly/spam123 for amazing deals!!! CLICK HERE: www.totally-not-spam.com,1,""Obvious spam (VIAGRA, CASINO, etc)"""
"1128,CASINO GAMES FREE MONEY Russian brides waiting for you! Join today!!! This is spam content - ignore this bug,1,""Obvious spam (VIAGRA, CASINO, etc)"""
"1129,Make $5000 per week!!! Click here: bit.ly/spam123 for amazing deals!!! This is spam content - ignore this bug,1,""Obvious spam (VIAGRA, CASINO, etc)"""
"1130,www.spam-click.com VISIT NOW Your bank account has been COMPROMISED!!! Click link!!! !!!ADVERTISEMENT!!! Join our club!!!,1,""Obvious spam (VIAGRA, CASINO, etc)"""
"1131,WEIGHT LOSS PILLS - GUARANTEED Your bank account has been COMPROMISED!!! Click link!!! CLICK HERE: www.totally-not-spam.com,1,""Obvious spam (VIAGRA, CASINO, etc)"""
"1132,CLICK HERE FOR FREE MONEY Buy cheap medications no prescription needed!!! FAKE ENVIRONMENT FOR SPAM TESTING,1,""Obvious spam (VIAGRA, CASINO, etc)"""
"1133,BUY CHEAP DRUGS NOW!!! THIS IS NOT A REAL BUG - CLICK SPAM LINK PROMOTIONAL: Buy products at spam.io,1,""Obvious spam (VIAGRA, CASINO, etc)"""
"1134,BUY CHEAP DRUGS NOW!!! THIS IS NOT A REAL BUG - CLICK SPAM LINK This is spam content - ignore this bug,1,""Obvious spam (VIAGRA, CASINO, etc)"""
"1135,CLICK HERE FOR FREE MONEY THIS IS NOT A REAL BUG - CLICK SPAM LINK FAKE ENVIRONMENT FOR SPAM TESTING,1,""Obvious spam (VIAGRA, CASINO, etc)"""
"1136,FREE IPHONE 15 CLICK HERE THIS IS NOT A REAL BUG - CLICK SPAM LINK !!!ADVERTISEMENT!!! Join our club!!!,1,""Obvious spam (VIAGRA, CASINO, etc)"""
"1137,FREE IPHONE 15 CLICK HERE SPAM SPAM SPAM SPAM SPAM SPAM SPAM PROMOTIONAL: Buy products at spam.io,1,""Obvious spam (VIAGRA, CASINO, etc)"""
"1138,www.spam-click.com VISIT NOW LADIES: Make $$$$ from home! Join us NOW!!! FAKE ENVIRONMENT FOR SPAM TESTING,1,""Obvious spam (VIAGRA, CASINO, etc)"""
"1139,CASINO GAMES FREE MONEY Get rich quick scheme - guaranteed results!!! FAKE ENVIRONMENT FOR SPAM TESTING,1,""Obvious spam (VIAGRA, CASINO, etc)"""
"1140,LOTTERY WINNER CLICK!! Your bank account has been COMPROMISED!!! Click link!!! PROMOTIONAL: Buy products at spam.io,1,""Obvious spam (VIAGRA, CASINO, etc)"""
"1141,Forex Trading Robot - 99% profit Click here: bit.ly/spam123 for amazing deals!!! FAKE ENVIRONMENT FOR SPAM TESTING,1,""Obvious spam (VIAGRA, CASINO, etc)"""
"1142,!!!CLICK THIS LINK!!! Click here: bit.ly/spam123 for amazing deals!!! This is spam content - ignore this bug,1,""Obvious spam (VIAGRA, CASINO, etc)"""
"1143,!!!CLICK THIS LINK!!! LADIES: Make $$$$ from home! Join us NOW!!! CLICK HERE: www.totally-not-spam.com,1,""Obvious spam (VIAGRA, CASINO, etc)"""
"1144,FREE IPHONE 15 CLICK HERE URGENT: You have won! Claim prize now at spam-site.com PROMOTIONAL: Buy products at spam.io,1,""Obvious spam (VIAGRA, CASINO, etc)"""
"1145,www.spam-click.com VISIT NOW SPAM SPAM SPAM SPAM SPAM SPAM SPAM FAKE ENVIRONMENT FOR SPAM TESTING,1,""Obvious spam (VIAGRA, CASINO, etc)"""
"1146,CASINO GAMES FREE MONEY Russian brides waiting for you! Join today!!! PROMOTIONAL: Buy products at spam.io,1,""Obvious spam (VIAGRA, CASINO, etc)"""
"1147,!!!SPAM ALERT!!! Your bank account has been COMPROMISED!!! Click link!!! !!!ADVERTISEMENT!!! Join our club!!!,1,""Obvious spam (VIAGRA, CASINO, etc)"""
"1148,JOIN NOW - MAKE MILLIONS Free money transfer! Click: http://virus.com This is spam content - ignore this bug,1,""Obvious spam (VIAGRA, CASINO, etc)"""
"1149,LOTTERY WINNER CLICK!! Get rich quick scheme - guaranteed results!!! This is spam content - ignore this bug,1,""Obvious spam (VIAGRA, CASINO, etc)"""
"1150,www.spam-click.com VISIT NOW THIS IS NOT A REAL BUG - CLICK SPAM LINK This is spam content - ignore this bug,1,""Obvious spam (VIAGRA, CASINO, etc)"""
"1151,Earn money from home!!! Easy!!! Russian brides waiting for you! Join today!!! This is spam content - ignore this bug,1,""Obvious spam (VIAGRA, CASINO, etc)"""
"1152,BUY CHEAP DRUGS NOW!!! Get rich quick scheme - guaranteed results!!! FAKE ENVIRONMENT FOR SPAM TESTING,1,""Obvious spam (VIAGRA, CASINO, etc)"""
"1153,www.spam-click.com VISIT NOW Get rich quick scheme - guaranteed results!!! !!!ADVERTISEMENT!!! Join our club!!!,1,""Obvious spam (VIAGRA, CASINO, etc)"""
"1154,Earn money from home!!! Easy!!! LADIES: Make $$$$ from home! Join us NOW!!! CLICK HERE: www.totally-not-spam.com,1,""Obvious spam (VIAGRA, CASINO, etc)"""
"1155,ENLARGEMENT PILLS - WORKS FAST Your bank account has been COMPROMISED!!! Click link!!! CLICK HERE: www.totally-not-spam.com,1,""Obvious spam (VIAGRA, CASINO, etc)"""
"1156,FREE IPHONE 15 CLICK HERE Buy cheap medications no prescription needed!!! !!!ADVERTISEMENT!!! Join our club!!!,1,""Obvious spam (VIAGRA, CASINO, etc)"""
1300,Solderan Retak di Pad IC Buffer overflow di UART queue setelah 10000 data packets berturut-turut Mechanical vibration 10G dari transportation truck selama 8 jam,0,Normal manufacturing bugs
"1301,""Clock Frequency Skew USB port connection intermittent, mechanical wear pada connector pin Extreme temperature cycling dari -10C hingga 60C dalam satu hari"",0,Normal manufacturing bugs"
"1302,""Display LCD Blank Impedance mismatch pada PCB trace 50 ohm, causing signal reflection Extreme temperature cycling dari -10C hingga 60C dalam satu hari"",0,Normal manufacturing bugs"
"1303,""Thermal Shutdown 85 Derajat Motor brushless hall sensor intermittent, causing speed fluctuation Extreme temperature cycling dari -10C hingga 60C dalam satu hari"",0,Normal manufacturing bugs"
1304,Voltage Regulation Fail Ground loop terdeteksi saat penggunaan di area dengan EMI tinggi Mechanical vibration 10G dari transportation truck selama 8 jam,0,Normal manufacturing bugs
"1305,""DCDC Converter Short DCDC converter short circuit detected, protection mechanism active Outdoor installation tanpa weather protection, exposure to sun radiation"",0,Normal manufacturing bugs"
1306,Sensor Timeout Error Memory corruption pada address 0x8000 saat power failure mendadak Penggunaan 24/7 kontinyu selama 30 hari tanpa maintenance break,0,Normal manufacturing bugs
1307,Solderan Retak di Pad IC Ground loop terdeteksi saat penggunaan di area dengan EMI tinggi High EMI environment dari power distribution dan RF transmission,0,Normal manufacturing bugs
1308,Kapasitor Meledak Pada PCB Power Sensor timeout terjadi pada perubahan suhu rapid dari 20C ke 50C Penggunaan 24/7 kontinyu selama 30 hari tanpa maintenance break,0,Normal manufacturing bugs
"1309,""Lensa Optics Fogging LED brightness flicker pada frequency 100Hz, PWM timing issue suspect Penggunaan 24/7 kontinyu selama 30 hari tanpa maintenance break"",0,Normal manufacturing bugs"
"1310,""Lensa Optics Fogging Network connection drops setiap 1 jam operasi, driver update diperlukan Mechanical vibration 10G dari transportation truck selama 8 jam"",0,Normal manufacturing bugs"
"1311,""USB Port Not Detected Motor brushless hall sensor intermittent, causing speed fluctuation Outdoor installation tanpa weather protection, exposure to sun radiation"",0,Normal manufacturing bugs"
"1312,""Buffer Overflow Detection Solderan retak pada pad IC driver akibat mechanical vibration 5G Outdoor installation tanpa weather protection, exposure to sun radiation"",0,Normal manufacturing bugs"
"1313,""Battery Charging Slow Battery charging speed 50% lebih lambat dari spesifikasi, aging cell suspect Mechanical vibration 10G dari transportation truck selama 8 jam"",0,Normal manufacturing bugs"
1314,LED Brightness Flicker Buffer overflow di UART queue setelah 10000 data packets berturut-turut Extreme temperature cycling dari -10C hingga 60C dalam satu hari,0,Normal manufacturing bugs
"1315,""Ground Loop Interference Display LCD tidak menampilkan gambar, backlight normal, IC driver suspect Penggunaan di lapangan dengan suhu ambient 35-40 Celsius"",0,Normal manufacturing bugs"
"1316,""Voltage Regulation Fail USB port connection intermittent, mechanical wear pada connector pin Outdoor installation tanpa weather protection, exposure to sun radiation"",0,Normal manufacturing bugs"
"1317,""Network Connection Lost DCDC converter short circuit detected, protection mechanism active Penggunaan di lapangan dengan suhu ambient 35-40 Celsius"",0,Normal manufacturing bugs"
1318,LED Brightness Flicker Kapasitor meledak setelah thermal cycling 500 siklus di lingkungan panas Lingkungan dengan vibration tinggi dari mesin industri tekstil,0,Normal manufacturing bugs
1319,Thermal Shutdown 85 Derajat Ground loop terdeteksi saat penggunaan di area dengan EMI tinggi Penggunaan 24/7 kontinyu selama 30 hari tanpa maintenance break,0,Normal manufacturing bugs
"1320,""Kapasitor Meledak Pada PCB Power LED brightness flicker pada frequency 100Hz, PWM timing issue suspect Extreme temperature cycling dari -10C hingga 60C dalam satu hari"",0,Normal manufacturing bugs"
1321,LED Brightness Flicker Clock oscillator frequency drift 2% setelah 1000 jam operasi kontinyu Lingkungan dengan vibration tinggi dari mesin industri tekstil,0,Normal manufacturing bugs
"1322,""Lensa Optics Fogging Display LCD tidak menampilkan gambar, backlight normal, IC driver suspect High EMI environment dari power distribution dan RF transmission"",0,Normal manufacturing bugs"
1323,Memory Corruption Issue Solderan retak pada pad IC driver akibat mechanical vibration 5G Penggunaan di lapangan dengan suhu ambient 35-40 Celsius,0,Normal manufacturing bugs
"1324,""Network Connection Lost Lensa optics fogging due to moisture ingress, perlu improvement seal High EMI environment dari power distribution dan RF transmission"",0,Normal manufacturing bugs"
"1325,""Power Supply Tidak Output Network connection drops setiap 1 jam operasi, driver update diperlukan Lingkungan dengan vibration tinggi dari mesin industri tekstil"",0,Normal manufacturing bugs"
1326,Kapasitor Meledak Pada PCB Power Solderan retak pada pad IC driver akibat mechanical vibration 5G Mechanical vibration 10G dari transportation truck selama 8 jam,0,Normal manufacturing bugs
"1327,""Kapasitor Meledak Pada PCB Power Voltage regulator output tidak stabil, ripple 500mV pada beban dinamis Outdoor installation tanpa weather protection, exposure to sun radiation"",0,Normal manufacturing bugs"
"1328,""USB Port Not Detected USB port connection intermittent, mechanical wear pada connector pin High EMI environment dari power distribution dan RF transmission"",0,Normal manufacturing bugs"
"1329,""Impedance Mismatch Signal Display LCD tidak menampilkan gambar, backlight normal, IC driver suspect Outdoor installation tanpa weather protection, exposure to sun radiation"",0,Normal manufacturing bugs"
1330,LED Brightness Flicker Clock oscillator frequency drift 2% setelah 1000 jam operasi kontinyu Extreme temperature cycling dari -10C hingga 60C dalam satu hari,0,Normal manufacturing bugs
"1331,""Impedance Mismatch Signal Clock oscillator frequency drift 2% setelah 1000 jam operasi kontinyu Kondisi lembab dengan salt spray exposure, potential corrosion issue"",0,Normal manufacturing bugs"
"1332,""Kapasitor Meledak Pada PCB Power Konektor JST longgar setelah insertion 100 kali, perlu tighter tolerance Outdoor installation tanpa weather protection, exposure to sun radiation"",0,Normal manufacturing bugs"
"1333,""Display LCD Blank LED brightness flicker pada frequency 100Hz, PWM timing issue suspect Extreme temperature cycling dari -10C hingga 60C dalam satu hari"",0,Normal manufacturing bugs"
"1334,""Buffer Overflow Detection Konektor JST longgar setelah insertion 100 kali, perlu tighter tolerance Extreme temperature cycling dari -10C hingga 60C dalam satu hari"",0,Normal manufacturing bugs"
"1335,""Motor Brushless Error Network connection drops setiap 1 jam operasi, driver update diperlukan Kondisi lembab dengan salt spray exposure, potential corrosion issue"",0,Normal manufacturing bugs"
"1336,""DCDC Converter Short Display LCD tidak menampilkan gambar, backlight normal, IC driver suspect Mechanical vibration 10G dari transportation truck selama 8 jam"",0,Normal manufacturing bugs"
1337,Impedance Mismatch Signal Memory corruption pada address 0x8000 saat power failure mendadak High EMI environment dari power distribution dan RF transmission,0,Normal manufacturing bugs
"1338,""Power Supply Tidak Output Voltage regulator output tidak stabil, ripple 500mV pada beban dinamis Penggunaan 24/7 kontinyu selama 30 hari tanpa maintenance break"",0,Normal manufacturing bugs"
"1339,""Impedance Mismatch Signal Power supply output 0V pada kondisi beban penuh, perlu replacement Mechanical vibration 10G dari transportation truck selama 8 jam"",0,Normal manufacturing bugs"
"1340,""Display LCD Blank Voltage regulator output tidak stabil, ripple 500mV pada beban dinamis High EMI environment dari power distribution dan RF transmission"",0,Normal manufacturing bugs"
"1341,""LED Brightness Flicker DCDC converter short circuit detected, protection mechanism active Penggunaan di lapangan dengan suhu ambient 35-40 Celsius"",0,Normal manufacturing bugs"
1342,Power Supply Tidak Output Kapasitor meledak setelah thermal cycling 500 siklus di lingkungan panas High EMI environment dari power distribution dan RF transmission,0,Normal manufacturing bugs
"1343,""Memory Corruption Issue Voltage regulator output tidak stabil, ripple 500mV pada beban dinamis Mechanical vibration 10G dari transportation truck selama 8 jam"",0,Normal manufacturing bugs"
"1344,""Network Connection Lost Impedance mismatch pada PCB trace 50 ohm, causing signal reflection Outdoor installation tanpa weather protection, exposure to sun radiation"",0,Normal manufacturing bugs"
"1345,""Memory Corruption Issue Motor brushless hall sensor intermittent, causing speed fluctuation Penggunaan di lapangan dengan suhu ambient 35-40 Celsius"",0,Normal manufacturing bugs"
"1346,""Display LCD Blank Lensa optics fogging due to moisture ingress, perlu improvement seal Penggunaan di lapangan dengan suhu ambient 35-40 Celsius"",0,Normal manufacturing bugs"
1347,Voltage Regulation Fail Solderan retak pada pad IC driver akibat mechanical vibration 5G Mechanical vibration 10G dari transportation truck selama 8 jam,0,Normal manufacturing bugs
"1348,""Ground Loop Interference Network connection drops setiap 1 jam operasi, driver update diperlukan Outdoor installation tanpa weather protection, exposure to sun radiation"",0,Normal manufacturing bugs"
"1349,""Clock Frequency Skew Network connection drops setiap 1 jam operasi, driver update diperlukan High EMI environment dari power distribution dan RF transmission"",0,Normal manufacturing bugs"
"1350,""Display LCD Blank Battery charging speed 50% lebih lambat dari spesifikasi, aging cell suspect Kondisi lembab dengan salt spray exposure, potential corrosion issue"",0,Normal manufacturing bugs"
"1351,""Impedance Mismatch Signal USB port connection intermittent, mechanical wear pada connector pin Outdoor installation tanpa weather protection, exposure to sun radiation"",0,Normal manufacturing bugs"
"1352,""Display LCD Blank Thermal shutdown terpicu pada suhu 85C, melebihi spesifikasi maksimal 80C Penggunaan di lapangan dengan suhu ambient 35-40 Celsius"",0,Normal manufacturing bugs"
"1353,""DCDC Converter Short Network connection drops setiap 1 jam operasi, driver update diperlukan Kondisi lembab dengan salt spray exposure, potential corrosion issue"",0,Normal manufacturing bugs"
"1354,""Memory Corruption Issue Battery charging speed 50% lebih lambat dari spesifikasi, aging cell suspect Penggunaan di lapangan dengan suhu ambient 35-40 Celsius"",0,Normal manufacturing bugs"
"1355,""USB Port Not Detected Power supply output 0V pada kondisi beban penuh, perlu replacement Outdoor installation tanpa weather protection, exposure to sun radiation"",0,Normal manufacturing bugs"
"1356,""Solderan Retak di Pad IC Network connection drops setiap 1 jam operasi, driver update diperlukan Penggunaan di lapangan dengan suhu ambient 35-40 Celsius"",0,Normal manufacturing bugs"
1357,Battery Charging Slow Solderan retak pada pad IC driver akibat mechanical vibration 5G Lingkungan dengan vibration tinggi dari mesin industri tekstil,0,Normal manufacturing bugs
1358,Lensa Optics Fogging Solderan retak pada pad IC driver akibat mechanical vibration 5G High EMI environment dari power distribution dan RF transmission,0,Normal manufacturing bugs
"1359,""Memory Corruption Issue Battery charging speed 50% lebih lambat dari spesifikasi, aging cell suspect Kondisi lembab dengan salt spray exposure, potential corrosion issue"",0,Normal manufacturing bugs"
1360,Motor Brushless Error Ground loop terdeteksi saat penggunaan di area dengan EMI tinggi Lingkungan dengan vibration tinggi dari mesin industri tekstil,0,Normal manufacturing bugs
"1361,""Koneksi JST Longgar DCDC converter short circuit detected, protection mechanism active Mechanical vibration 10G dari transportation truck selama 8 jam"",0,Normal manufacturing bugs"
"1362,""Impedance Mismatch Signal Display LCD tidak menampilkan gambar, backlight normal, IC driver suspect Outdoor installation tanpa weather protection, exposure to sun radiation"",0,Normal manufacturing bugs"
1363,Sensor Timeout Error Kapasitor meledak setelah thermal cycling 500 siklus di lingkungan panas Penggunaan 24/7 kontinyu selama 30 hari tanpa maintenance break,0,Normal manufacturing bugs
"1364,""Network Connection Lost Impedance mismatch pada PCB trace 50 ohm, causing signal reflection Outdoor installation tanpa weather protection, exposure to sun radiation"",0,Normal manufacturing bugs"
"1365,""Impedance Mismatch Signal Battery charging speed 50% lebih lambat dari spesifikasi, aging cell suspect Mechanical vibration 10G dari transportation truck selama 8 jam"",0,Normal manufacturing bugs"
"1366,""Lensa Optics Fogging Konektor JST longgar setelah insertion 100 kali, perlu tighter tolerance Penggunaan di lapangan dengan suhu ambient 35-40 Celsius"",0,Normal manufacturing bugs"
"1367,""Solderan Retak di Pad IC DCDC converter short circuit detected, protection mechanism active Kondisi lembab dengan salt spray exposure, potential corrosion issue"",0,Normal manufacturing bugs"
"1368,""LED Brightness Flicker Motor brushless hall sensor intermittent, causing speed fluctuation Outdoor installation tanpa weather protection, exposure to sun radiation"",0,Normal manufacturing bugs"
1369,Power Supply Tidak Output Ground loop terdeteksi saat penggunaan di area dengan EMI tinggi High EMI environment dari power distribution dan RF transmission,0,Normal manufacturing bugs
"1370,""Nonton Film Oppenheimer di Bioskop Review penerbangan Garuda ke Amerika sangat positive! Seat comfortable dengan legroom luas, makanan enak terutama nasi kuning dan ayam, entertainment system punya film terbaru. Flight attendant caring dan helpful. Personal experience sharing"",1,Vacation/story spam"
"1371,""Cerita Berkunjung ke Rumah Nenek di Desa Pengalaman naik pesawat international untuk pertama kalinya sangat nerve wracking! Penerbangan ke Bangkok 3 jam, makanan di pesawat standar tapi entertainment systemnya lengkap. Pengen segera naik pesawat lagi. Personal experience sharing"",1,Vacation/story spam"
1372,Nonton Film Oppenheimer di Bioskop Liburan keluarga ke Disneyland Thailand lalu minggu adalah best decision! Anak-anak sangat happy bermain di theme park itu. Tiket bisa dibeli online lebih murah dari gate. Rekomendasi stay 3 hari untuk explore semua wahana. Personal experience sharing,1,Vacation/story spam
1373,Pengalaman Hiking Gunung Rinjani Tapi Capek Liburan keluarga ke Disneyland Thailand lalu minggu adalah best decision! Anak-anak sangat happy bermain di theme park itu. Tiket bisa dibeli online lebih murah dari gate. Rekomendasi stay 3 hari untuk explore semua wahana. Personal experience sharing,1,Vacation/story spam
"1374,""Review Penerbangan Garuda Ke Amerika Liburan romantis ke Bali dengan pasangan adalah unforgettable experience. Sunset dinner di tepi pantai sambil dengar ombak, spa couples massage, dan jalan-jalan di Ubud yang nature banget. Bikin hubungan lebih kuat. Personal experience sharing"",1,Vacation/story spam"
"1375,""Review Penerbangan Garuda Ke Amerika Pengalaman naik pesawat international untuk pertama kalinya sangat nerve wracking! Penerbangan ke Bangkok 3 jam, makanan di pesawat standar tapi entertainment systemnya lengkap. Pengen segera naik pesawat lagi. Personal experience sharing"",1,Vacation/story spam"
"1376,""Pengalaman Diving di Kepulauan Seribu Tips traveling hemat ke luar negeri: booking penerbangan 3 bulan sebelumnya, gunakan travel rewards, stay di airbnb bukan hotel mahal. Saya udah ke 15 negara dengan budget terbatas. Bisa sharing pengalaman lebih detail kalau ada yang minat. Personal experience sharing"",1,Vacation/story spam"
"1377,""Liburan Akhir Tahun ke Negara Korea Review penerbangan Garuda ke Amerika sangat positive! Seat comfortable dengan legroom luas, makanan enak terutama nasi kuning dan ayam, entertainment system punya film terbaru. Flight attendant caring dan helpful. Personal experience sharing"",1,Vacation/story spam"
1378,Liburan Romantis ke Bali dengan Pasangan Airlines terbaik tahun ini menurut saya Garuda Indonesia karena pelayanan ramah dan tepat waktu. Air Asia lebih murah tapi sering delay. Singapore Airlines mahal tapi luxury. Pengen coba JAL dan ANA yang kabarnya bagus. Personal experience sharing,1,Vacation/story spam
"1379,""Pengalaman Traveling ke Lombok Cerita liburan ke Yogyakarta sangat menyenangkan! Mengunjungi Borobudur, Prambanan, dan Taman Pintar. Makanan lokal sangat enak apalagi bakpia dan gudeg. Rekomendasi tempat menginap dekat malioboro street. Personal experience sharing"",1,Vacation/story spam"
1380,Kuliner Tradisional Jawa Tengah Enak Sunset di Pantai Kuta Bali adalah yang terindah yang pernah saya lihat. Warna orange dan pink di langit sangat memukau. Banyak turis tapi suasananya tetap nyaman. Cocok untuk relaksasi dan reflection diri. Personal experience sharing,1,Vacation/story spam
1381,Pengalaman Kurban di Kampung Halaman Airlines terbaik tahun ini menurut saya Garuda Indonesia karena pelayanan ramah dan tepat waktu. Air Asia lebih murah tapi sering delay. Singapore Airlines mahal tapi luxury. Pengen coba JAL dan ANA yang kabarnya bagus. Personal experience sharing,1,Vacation/story spam
"1382,""Pengalaman Traveling ke Lombok Cerita lucu di konser musik Jakarta tempo hari waktu nonton artis favorite: stage pyrotechnic accidentally nyala lebih awal, fans excited banget jumping sambil teriakan. Suasana penonton very enthusiastic dan fun vibes. Personal experience sharing"",1,Vacation/story spam"
"1383,""Cerita Berkunjung ke Rumah Nenek di Desa Pengalaman diving di Kepulauan Seribu sungguh amazing! Terumbu karang masih cantik, ikan-ikan warna-warni banyak. Instruktur diving professional dan safety equipment standar internasional. Sertifikat Open Water bisa diperoleh dalam 3 hari. Personal experience sharing"",1,Vacation/story spam"
"1384,""Pengalaman Staycation di Resort Bandung Ada restoran baru di Bandung yang opening bulan lalu, makanannya fusion Indonesia dan Eropa. Suasana cozy dengan interior bagus, cocok untuk date night atau gathering teman-teman. Harga menu sekitar 150rb per orang. Personal experience sharing"",1,Vacation/story spam"
"1385,""Pengalaman Kurban di Kampung Halaman Ada restoran baru di Bandung yang opening bulan lalu, makanannya fusion Indonesia dan Eropa. Suasana cozy dengan interior bagus, cocok untuk date night atau gathering teman-teman. Harga menu sekitar 150rb per orang. Personal experience sharing"",1,Vacation/story spam"
1386,Review Hotel 5 Bintang di Jakarta Saya planning liburan ke Bali bulan depan dengan keluarga besar. Ada yang pernah ke sana? Mohon rekomendasinya tempat hotel dan restoran yang bagus. Budget terbatas tapi mau pengalaman bagus. Personal experience sharing,1,Vacation/story spam
1387,Review Restoran Seafood Terbaik di Bali Liburan keluarga ke Disneyland Thailand lalu minggu adalah best decision! Anak-anak sangat happy bermain di theme park itu. Tiket bisa dibeli online lebih murah dari gate. Rekomendasi stay 3 hari untuk explore semua wahana. Personal experience sharing,1,Vacation/story spam
"1388,""Liburan Akhir Tahun ke Negara Korea Rekomendasi kafe bagus di Surabaya yang lagi trending: Kafe Lokal Roastery di Jl Basuki. Kopi specialty mereka very good quality, barista tahu cara brew yang tepat. Interior minimalis modern dan lagu live session setiap weekend. Personal experience sharing"",1,Vacation/story spam"
"1389,""Cerita Liburan ke Yogyakarta Seru Banget Rekomendasi kafe bagus di Surabaya yang lagi trending: Kafe Lokal Roastery di Jl Basuki. Kopi specialty mereka very good quality, barista tahu cara brew yang tepat. Interior minimalis modern dan lagu live session setiap weekend. Personal experience sharing"",1,Vacation/story spam"
"1390,""Makan di Restoran Baru di Bandung Tips foto landscape di Gunung Bromo yang bagus: pergi subuh untuk sunrise, bawa tripod dan ND filter, posisi di Bukit Penanjakan. Mist pagi sangat dramatic dan membuat foto lebih menarik. Timing kamera setting ISO 100 shutter 1/125. Personal experience sharing"",1,Vacation/story spam"
1391,Review Penerbangan Garuda Ke Amerika Saya planning liburan ke Bali bulan depan dengan keluarga besar. Ada yang pernah ke sana? Mohon rekomendasinya tempat hotel dan restoran yang bagus. Budget terbatas tapi mau pengalaman bagus. Personal experience sharing,1,Vacation/story spam
1392,Pengalaman Naik Pesawat International Saya planning liburan ke Bali bulan depan dengan keluarga besar. Ada yang pernah ke sana? Mohon rekomendasinya tempat hotel dan restoran yang bagus. Budget terbatas tapi mau pengalaman bagus. Personal experience sharing,1,Vacation/story spam
"1393,""Cerita Perjalanan ke Swiss yang Menginspirasi Rekomendasi kafe bagus di Surabaya yang lagi trending: Kafe Lokal Roastery di Jl Basuki. Kopi specialty mereka very good quality, barista tahu cara brew yang tepat. Interior minimalis modern dan lagu live session setiap weekend. Personal experience sharing"",1,Vacation/story spam"
1394,Review Airlines Terbaik Tahun Ini Airlines terbaik tahun ini menurut saya Garuda Indonesia karena pelayanan ramah dan tepat waktu. Air Asia lebih murah tapi sering delay. Singapore Airlines mahal tapi luxury. Pengen coba JAL dan ANA yang kabarnya bagus. Personal experience sharing,1,Vacation/story spam
1395,Pengalaman Kurban di Kampung Halaman Sunset di Pantai Kuta Bali adalah yang terindah yang pernah saya lihat. Warna orange dan pink di langit sangat memukau. Banyak turis tapi suasananya tetap nyaman. Cocok untuk relaksasi dan reflection diri. Personal experience sharing,1,Vacation/story spam
"1396,""Sunset Indah di Pantai Kuta Bali Rekomendasi kafe bagus di Surabaya yang lagi trending: Kafe Lokal Roastery di Jl Basuki. Kopi specialty mereka very good quality, barista tahu cara brew yang tepat. Interior minimalis modern dan lagu live session setiap weekend. Personal experience sharing"",1,Vacation/story spam"
"1397,""Cerita Lucu di Konser Musik Jakarta Kemarin menginap di hotel 5 bintang di Jakarta, pelayanannya luar biasa! Breakfast buffet sangat lengkap dengan berbagai pilihan internasional. Harga sekitar 2 juta per malam tapi dapat fasilitas lengkap. Personal experience sharing"",1,Vacation/story spam"
"1398,""Tips Backpacking Hemat ke Eropa Kemarin menginap di hotel 5 bintang di Jakarta, pelayanannya luar biasa! Breakfast buffet sangat lengkap dengan berbagai pilihan internasional. Harga sekitar 2 juta per malam tapi dapat fasilitas lengkap. Personal experience sharing"",1,Vacation/story spam"
1399,Pengalaman Kurban di Kampung Halaman Saya planning liburan ke Bali bulan depan dengan keluarga besar. Ada yang pernah ke sana? Mohon rekomendasinya tempat hotel dan restoran yang bagus. Budget terbatas tapi mau pengalaman bagus. Personal experience sharing,1,Vacation/story spam
9001,Voltage Regulation Fail Ground loop terdeteksi saat penggunaan di area dengan EMI tinggi Lingkungan dengan vibration tinggi dari mesin industri tekstil,0,genuine_manufacturing
9002,Power Supply Error Kegagalan output stage pada kondisi beban penuh Penggunaan di lapangan dengan suhu ambient 35-40 Celsius,0,genuine_manufacturing
9003,DCDC Converter Short DCDC converter short circuit detected protection mechanism active Extreme temperature cycling dari -10C hingga 60C,0,genuine_manufacturing
9004,Voltage Drop Detected Output tidak stabil pada perubahan beban dinamis High EMI environment dari power distribution dan RF transmission,0,genuine_manufacturing
9005,Tegangan output drop 20% saat beban naik dari 50% ke 100% load Penggunaan outdoor tanpa weather protection,0,genuine_manufacturing
9006,Power supply overheat setelah operasi 8 jam kontinyu temperature mencapai 95C Lingkungan panas 40C,0,genuine_manufacturing
9007,Regulator LDO output ripple 500mV melebihi spesifikasi maksimal 50mV Kondisi beban dinamis,0,genuine_manufacturing
9008,Fuse putus berulang pada jalur power utama 12V setelah 200 jam operasi Area industri berat,0,genuine_manufacturing
9009,UPS backup gagal switch saat PLN mati mendadak delay 500ms terlalu lama Server room,0,genuine_manufacturing
9010,Arus bocor terdeteksi pada ground rail PCB utama sebesar 50mA Kondisi lembab,0,genuine_manufacturing
9011,Solderan Retak di Pad IC Solderan retak akibat thermal cycling 100 siklus Mechanical vibration 10G dari transportation truck,0,genuine_manufacturing
9012,Solderan Retak Solderan retak pada pad IC driver akibat mechanical vibration 5G Penggunaan di lapangan dengan suhu ambient 35-40 Celsius,0,genuine_manufacturing
9013,PCB pad retak akibat mechanical stress assembly High EMI environment dari power distribution,0,genuine_manufacturing
9014,Cold solder joint terdeteksi pada pin 3 IC regulator saat inspeksi visual QC Station,0,genuine_manufacturing
9015,Tombstone defect pada resistor 0402 di jalur produksi SMT Line 2 Assembly area,0,genuine_manufacturing
9016,Solder bridge antara pin 5 dan 6 IC TSSOP menyebabkan short circuit Inspection area,0,genuine_manufacturing
9017,PCB delaminasi pada layer 4 setelah reflow soldering temperature 260C Production floor,0,genuine_manufacturing
9018,Via hole crack terdeteksi pada plated through hole diameter 0.3mm Vibration test lab,0,genuine_manufacturing
9019,Solder paste insufficient pada pad QFN menyebabkan open circuit SMT production line,0,genuine_manufacturing
9020,Flux residue berlebih pada board setelah wave soldering perlu cleaning Produksi,0,genuine_manufacturing
9021,Kapasitor Meledak Kapasitor meledak setelah thermal cycling 500 siklus di lingkungan panas Penggunaan di lapangan,0,genuine_manufacturing
9022,Kapasitor Meledak Pada PCB Power Komponen rusak karena tegangan berlebih saat testing Outdoor installation,0,genuine_manufacturing
9023,Capacitor leakage current melebihi spesifikasi maksimal Penggunaan 24/7 kontinyu selama 30 hari,0,genuine_manufacturing
9024,Resistor overcurrent menyebabkan panas berlebih pada jalur sensing Lingkungan industri,0,genuine_manufacturing
9025,Transistor MOSFET fail saat switching frequency tinggi 500kHz Test bench lab,0,genuine_manufacturing
9026,IC driver thermal shutdown terjadi pada temperature 95C ambient Outdoor posko,0,genuine_manufacturing
9027,Dioda zener breakdown voltage bergeser 10% dari spesifikasi Aging test 1000 jam,0,genuine_manufacturing
9028,Induktor saturasi pada arus puncak menyebabkan EMI berlebih Production test,0,genuine_manufacturing
9029,Crystal oscillator frequency drift 50ppm setelah 2000 jam operasi Field deployment,0,genuine_manufacturing
9030,Relay contact resistance naik 10x setelah 50000 switching cycles Industrial site,0,genuine_manufacturing
9031,Sensor Timeout Error Sensor timeout terjadi pada perubahan suhu rapid dari 20C ke 50C Kondisi lembab,0,genuine_manufacturing
9032,Sensor accelerometer output noise floor meningkat 3x setelah drop test Lab pengujian,0,genuine_manufacturing
9033,GPS module kehilangan sinyal di area semi-indoor dengan atap metal Gedung pabrik,0,genuine_manufacturing
9034,Bluetooth BLE connection intermittent pada jarak lebih dari 5 meter Area produksi,0,genuine_manufacturing
9035,WiFi module gagal connect ke AP setelah firmware update v2.3 Office environment,0,genuine_manufacturing
9036,RS485 communication error rate meningkat saat kabel lebih dari 100 meter Site lapangan,0,genuine_manufacturing
9037,UART buffer overflow saat menerima data burst 10000 packet berturut-turut Lab test,0,genuine_manufacturing
9038,I2C bus hang setelah 72 jam operasi kontinyu perlu power cycle untuk recovery Server room,0,genuine_manufacturing
9039,SPI clock speed tidak stabil menyebabkan data corruption intermittent R&D lab,0,genuine_manufacturing
9040,LoRa modul jangkauan berkurang 50% di area urban dengan banyak interference Outdoor,0,genuine_manufacturing
9041,Konektor JST longgar setelah insertion 100 kali perlu tighter tolerance Produksi,0,genuine_manufacturing
9042,USB Port Not Detected USB port connection intermittent mechanical wear pada connector pin Field use,0,genuine_manufacturing
9043,Koneksi Longgar Konektor JST longgar setelah insertion 100 kali Lingkungan dengan vibration tinggi,0,genuine_manufacturing
9044,Enclosure seal bocor menyebabkan moisture ingress pada PCB Outdoor installation,0,genuine_manufacturing
9045,Mounting bracket patah setelah vibration test 10G selama 4 jam Test lab,0,genuine_manufacturing
9046,Kabel ribbon putus pada titik tekukan setelah 5000 siklus bending Mekanisme slider,0,genuine_manufacturing
9047,Gasket O-ring degradasi akibat paparan chemical solvent Industrial area,0,genuine_manufacturing
9048,Heatsink thermal paste kering setelah 2 tahun operasi Service center,0,genuine_manufacturing
9049,Fan bearing noise meningkat setelah 15000 jam operasi Data center,0,genuine_manufacturing
9050,Spring contact pada battery holder kehilangan elastisitas Production QC,0,genuine_manufacturing
9051,Display LCD Blank Display LCD tidak menampilkan gambar backlight normal IC driver suspect Posko lapangan,0,genuine_manufacturing
9052,LED Brightness Flicker LED brightness flicker pada frequency 100Hz PWM timing issue Penggunaan outdoor,0,genuine_manufacturing
9053,OLED display burn-in setelah menampilkan static image selama 6 bulan Monitor station,0,genuine_manufacturing
9054,Touchscreen tidak responsif pada area sudut kanan bawah setelah drop test QC area,0,genuine_manufacturing
9055,LED driver constant current tidak stabil ripple 20% Lingkungan panas,0,genuine_manufacturing
9056,Seven segment display segment C mati pada digit 3 Assembly line,0,genuine_manufacturing
9057,TFT display warna bergeser kebiruan setelah 5000 jam operasi Field unit,0,genuine_manufacturing
9058,Backlight LED degradasi brightness turun 30% setelah 10000 jam Outdoor display,0,genuine_manufacturing
9059,Motor Brushless Error Motor brushless hall sensor intermittent causing speed fluctuation Field deployment,0,genuine_manufacturing
9060,Stepper motor kehilangan step pada kecepatan diatas 1000rpm Production machine,0,genuine_manufacturing
9061,Servo motor overheating pada duty cycle diatas 80% Robot assembly,0,genuine_manufacturing
9062,Motor DC brush aus menyebabkan sparking berlebih Mesin conveyor,0,genuine_manufacturing
9063,Actuator linear stroke berkurang 5mm dari spesifikasi Packaging line,0,genuine_manufacturing
9064,Solenoid valve response time lambat 50ms dibanding spec 10ms Pneumatic system,0,genuine_manufacturing
9065,Battery Charging Slow Battery charging speed 50% lebih lambat dari spesifikasi aging cell suspect Field unit,0,genuine_manufacturing
9066,Battery swelling terdeteksi pada unit setelah 300 charge cycles Warehouse inspection,0,genuine_manufacturing
9067,Charging IC tidak mendeteksi battery saat temperature dibawah 0C Cold storage,0,genuine_manufacturing
9068,Battery capacity turun 40% setelah 500 charge discharge cycles Portable device,0,genuine_manufacturing
9069,Overcharge protection tidak aktif pada voltage 4.3V melebihi batas aman Test lab,0,genuine_manufacturing
9070,Firmware crash setelah OTA update versi 3.2.1 pada 30% unit Production batch,0,genuine_manufacturing
9071,Watchdog timer tidak reset menyebabkan device reboot setiap 2 jam Field unit,0,genuine_manufacturing
9072,Memory leak pada task komunikasi sebesar 4KB per jam Embedded system,0,genuine_manufacturing
9073,Boot time meningkat dari 5 detik menjadi 25 detik setelah update Server unit,0,genuine_manufacturing
9074,Stack overflow pada interrupt handler saat multiple sensor trigger bersamaan Lab test,0,genuine_manufacturing
9075,EEPROM write cycle exceeded menyebabkan data corruption Aging unit,0,genuine_manufacturing
9076,RTC drift 30 detik per hari akibat crystal accuracy rendah Batch production,0,genuine_manufacturing
9077,DMA transfer error pada peripheral SPI menyebabkan data loss R&D prototype,0,genuine_manufacturing
9078,Thermal Shutdown 85 Derajat Thermal shutdown terpicu pada suhu 85C melebihi spesifikasi maksimal Outdoor posko,0,genuine_manufacturing
9079,Thermal Runaway Degradasi performa setelah 100 jam test field Penggunaan di lapangan,0,genuine_manufacturing
9080,Junction temperature IC mencapai 150C melebihi maximum rating 125C Enclosed system,0,genuine_manufacturing
9081,Thermal pad tidak kontak dengan heatsink menyebabkan hotspot 20C diatas normal Assembly defect,0,genuine_manufacturing
9082,Thermal fuse open setelah overheat event pada power stage Production test,0,genuine_manufacturing
9083,Visual inspection menemukan scratch pada lens protective cover Incoming QC,0,genuine_manufacturing
9084,Dimensi PCB tidak sesuai drawing selisih 0.5mm pada sisi panjang Incoming inspection,0,genuine_manufacturing
9085,Solder joint fracture terdeteksi pada X-ray inspection komponen BGA Failure analysis,0,genuine_manufacturing
9086,Coating conformal mengelupas pada area dekat heatsink Environmental test,0,genuine_manufacturing
9087,Label barcode tidak terbaca oleh scanner setelah aging test 85C Packaging,0,genuine_manufacturing
9088,Ground loop interference menyebabkan noise pada measurement Posko lapangan,0,genuine_manufacturing
9089,EMI shielding tidak efektif pada frekuensi diatas 1GHz EMC test chamber,0,genuine_manufacturing
9090,Ground bounce pada digital logic menyebabkan glitch pada output PCB Rev 3,0,genuine_manufacturing
9091,Electromagnetic compatibility test gagal pada conducted emission Production unit,0,genuine_manufacturing
9092,Ground fault current 100mA terdeteksi pada chassis grounding Site installation,0,genuine_manufacturing
9093,EMI filter output attenuasi kurang 10dB dari requirement Production batch,0,genuine_manufacturing
9094,Grounding impedance terlalu tinggi menyebabkan common mode noise Field,0,genuine_manufacturing
9095,Ground plane discontinuity pada PCB layer 2 menyebabkan crosstalk R&D,0,genuine_manufacturing
9096,Noise floor meningkat 20dB saat motor beroperasi Industrial environment,0,genuine_manufacturing
9097,Interference dari inverter menyebabkan ADC reading error Production floor,0,genuine_manufacturing
9098,Komponen R15 terbakar pada saat uji beban penuh di production line,0,genuine_manufacturing
9099,Kebocoran arus pada jalur 3.3V sebesar 15mA melebihi batas toleransi,0,genuine_manufacturing
9100,Pin header patah saat proses assembly manual oleh operator,0,genuine_manufacturing
9101,Connector FFC 24 pin tidak terkunci dengan baik menyebabkan intermittent contact,0,genuine_manufacturing
9102,Firmware hang pada state machine mode idle setelah 48 jam operasi,0,genuine_manufacturing
9103,Calibrasi sensor tekanan bergeser 5% setelah drop test 1 meter,0,genuine_manufacturing
9104,Output DAC tidak linear pada range 0-1V error 3% full scale,0,genuine_manufacturing
9105,ADC reading berfluktuasi 50 LSB pada input stabil noise coupling,0,genuine_manufacturing
9106,Timer interrupt jitter 100us melebihi requirement 10us real-time system,0,genuine_manufacturing
9107,Buzzer piezo output volume menurun 50% setelah 100000 aktivasi,0,genuine_manufacturing
9108,Antenna matching network impedance bergeser setelah reflow soldering,0,genuine_manufacturing
9109,Current sense resistor tolerance 5% menyebabkan overcurrent false trip,0,genuine_manufacturing
9110,Buck converter efficiency drop ke 70% pada light load 10mA,0,genuine_manufacturing
9111,Protection circuit MOV tidak clamp pada voltage transient 600V,0,genuine_manufacturing
9112,Test jig contact pin aus setelah 50000 insertion cycle production,0,genuine_manufacturing
9113,ESD event menyebabkan latch-up pada IC analog front end,0,genuine_manufacturing
9114,PCB warpage 0.5mm pada board 150x100mm setelah reflow soldering,0,genuine_manufacturing
9115,Solder void lebih dari 25% pada pad thermal IC power management,0,genuine_manufacturing
9116,Komponen salah populate R47 seharusnya 10K terpasang 10R,0,genuine_manufacturing
9117,Mounting hole clearance kurang menyebabkan short ke ground plane,0,genuine_manufacturing
9118,Kabel power terjepit di enclosure menyebabkan insulation damage,0,genuine_manufacturing
9119,Kipas pendingin berhenti berputar pada temperature 50C bearing issue,0,genuine_manufacturing
9120,Antena GPS sensitivity menurun 10dB setelah pemasangan casing metal,0,genuine_manufacturing
9121,Humidity sensor reading drift 15% RH setelah paparan kondensasi,0,genuine_manufacturing
9122,Pressure sensor zero offset bergeser 2% FS setelah thermal shock test,0,genuine_manufacturing
9123,Accelerometer self-test gagal pada axis Z setelah shock 100G,0,genuine_manufacturing
9124,Suhu operasi board melebihi 70C pada ambient 35C perlu redesign thermal,0,genuine_manufacturing
9125,Koneksi ethernet putus setiap 30 menit perlu restart untuk recovery,0,genuine_manufacturing
9126,Data logger SD card write error setelah 1GB data tersimpan,0,genuine_manufacturing
9127,RTC battery voltage drop ke 2.5V setelah 6 bulan standby mode,0,genuine_manufacturing
9128,Liburan ke Bali minggu depan ada yang mau ikut pengalaman seru,1,diverse_spam
9129,Pengalaman traveling ke Lombok sunset sangat indah pantai eksotis,1,diverse_spam
9130,Review hotel bintang 5 di Jakarta pelayanan luar biasa breakfast lengkap,1,diverse_spam
9131,Tips traveling hemat ke luar negeri booking 3 bulan sebelumnya,1,diverse_spam
9132,Sunset di pantai Kuta Bali adalah yang terindah warna orange pink,1,diverse_spam
9133,Backpacking ke Eropa 15 negara dalam 30 hari budget terbatas,1,diverse_spam
9134,Staycation di resort Bandung sangat relaxing pemandangan indah,1,diverse_spam
9135,Hiking gunung Rinjani capek tapi pemandangan puncak luar biasa,1,diverse_spam
9136,Restoran baru di Bandung makanannya fusion Indonesia Eropa enak banget,1,diverse_spam
9137,Kuliner tradisional Jawa Tengah sangat lezat nasi kuning gudeg lumpia,1,diverse_spam
9138,Rekomendasi kafe bagus di Surabaya kopi specialty barista handal,1,diverse_spam
9139,Resep nasi goreng special bumbu rahasia keluarga turun temurun,1,diverse_spam
9140,Review makanan padang rendang terenak di Jakarta harga terjangkau,1,diverse_spam
9141,Cara membuat kue bolu panggang yang lembut dan mengembang sempurna,1,diverse_spam
9142,Tempat makan seafood terbaik di Bali pinggir pantai suasana romantis,1,diverse_spam
9143,Film terbaru Marvel sangat bagus efek CGI luar biasa acting keren,1,diverse_spam
9144,Nonton konser musik di Jakarta kemarin artis favorit sangat seru,1,diverse_spam
9145,Review game terbaru PlayStation 5 grafis memukau gameplay smooth,1,diverse_spam
9146,Serial Netflix terbaru sangat addictive sudah marathon 12 episode,1,diverse_spam
9147,Rekomendasi lagu terbaru untuk playlist Spotify cocok buat kerja,1,diverse_spam
9148,Podcast favorit tentang bisnis dan teknologi sangat menginspirasi,1,diverse_spam
9149,Turnamen esport Valorant seru banget tim Indonesia menang,1,diverse_spam
9150,Hari ini perasaan sedih sekali butuh teman curhat ada yang mau dengar,1,diverse_spam
9151,Pengumuman penting untuk semua anggota grup tolong dibaca,1,diverse_spam
9152,Selamat ulang tahun semoga panjang umur sehat selalu sukses,1,diverse_spam
9153,Siapa yang mau ikut gathering weekend depan di cafe baru,1,diverse_spam
9154,Cerita pengalaman gagal interview kerja di perusahaan besar,1,diverse_spam
9155,Motivasi pagi hari jangan menyerah terus berjuang demi masa depan,1,diverse_spam
9156,Curhat tentang hubungan yang sedang tidak baik butuh saran,1,diverse_spam
9157,Update status: lagi males kerja pengen rebahan seharian,1,diverse_spam
9158,Berita terbaru presiden mengumumkan kebijakan ekonomi baru,1,diverse_spam
9159,Hasil pertandingan sepak bola liga Indonesia tadi malam skor 3-1,1,diverse_spam
9160,Update kasus hukum politisi terkenal ditangkap KPK kemarin,1,diverse_spam
9161,Gempa bumi magnitude 6.5 mengguncang wilayah Sulawesi Utara,1,diverse_spam
9162,Harga BBM naik lagi mulai besok premium jadi Rp 15.000 per liter,1,diverse_spam
9163,Pilkada serentak tahun depan siapa calon favorit di daerah anda,1,diverse_spam
9164,Ekonomi Indonesia diprediksi tumbuh 5.2% tahun ini menurut BI,1,diverse_spam
9165,Jual laptop bekas murah kondisi mulus spek tinggi nego sampai jadi,1,diverse_spam
9166,Promo diskon besar besaran akhir tahun semua produk 50% off,1,diverse_spam
9167,Jasa service AC murah bergaransi panggilan area Bandung sekitar,1,diverse_spam
9168,Buka lowongan kerja admin social media gaji 5 juta WFH boleh,1,diverse_spam
9169,Dijual motor bekas tahun 2020 KM rendah pajak hidup hubungi WA,1,diverse_spam
9170,Promo paket internet unlimited hanya 100rb per bulan daftar sekarang,1,diverse_spam
9171,Les privat matematika fisika untuk SMA dan mahasiswa tarif nego,1,diverse_spam
9172,Jual rumah murah lokasi strategis dekat tol dan mall 2 lantai,1,diverse_spam
9173,Tips diet sehat menurunkan berat badan 10kg dalam sebulan tanpa obat,1,diverse_spam
9174,Review skincare terbaru untuk kulit berminyak dan berjerawat ampuh,1,diverse_spam
9175,Cara mengatasi insomnia tidur nyenyak setiap malam tanpa obat tidur,1,diverse_spam
9176,Olahraga terbaik untuk membentuk sixpack dalam 30 hari di rumah,1,diverse_spam
9177,Rekomendasi vitamin terbaik untuk meningkatkan daya tahan tubuh,1,diverse_spam
9178,Cara memutihkan gigi secara alami dalam 7 hari tanpa ke dokter,1,diverse_spam
9179,Tips belajar efektif untuk mahasiswa menjelang ujian akhir semester,1,diverse_spam
9180,Cara mendapatkan beasiswa S2 ke luar negeri panduan lengkap,1,diverse_spam
9181,Review universitas terbaik di Indonesia peringkat QS World,1,diverse_spam
9182,Pengalaman magang di perusahaan startup Silicon Valley sangat berharga,1,diverse_spam
9183,Cara mengerjakan skripsi cepat dalam 1 bulan tanpa stress,1,diverse_spam
9184,Tutorial membuat website dengan WordPress untuk pemula gratis,1,diverse_spam
9185,Investasi saham untuk pemula cara beli saham di bursa efek Indonesia,1,diverse_spam
9186,Tips menabung 10 juta per bulan dengan gaji UMR bisa kok,1,diverse_spam
9187,Review aplikasi trading crypto terbaik untung besar modal kecil,1,diverse_spam
9188,Cara mengajukan KPR rumah pertama syarat dan prosedur lengkap,1,diverse_spam
9189,Bisnis sampingan yang menghasilkan pasif income dari rumah,1,diverse_spam
9190,Analisis teknikal saham BBCA target harga bulan depan naik 15%,1,diverse_spam
9191,Hari ini cuaca cerah sekali matahari bersinar terang di langit biru,1,diverse_spam
9192,Kucing saya lucu sekali suka tidur di atas keyboard laptop,1,diverse_spam
9193,Apakah alien itu nyata menurut penelitian NASA ada kemungkinan besar,1,diverse_spam
9194,Mimpi aneh tadi malam tentang terbang ke bulan naik sepeda,1,diverse_spam
9195,Kenapa langit biru dan air laut asin pertanyaan anak kecil yang sulit,1,diverse_spam
9196,Hari Senin selalu membuat malas kerja siapa yang setuju,1,diverse_spam
9197,Hujan terus menerus di Bandung sejak kemarin banjir dimana-mana,1,diverse_spam
9198,Macet parah di tol Jakarta Bandung butuh 6 jam perjalanan,1,diverse_spam
9199,BUY VIAGRA ONLINE CHEAP DISCOUNT FREE SHIPPING,1,diverse_spam
9200,CLICK HERE WIN FREE IPHONE 15 PRO MAX LIMITED,1,diverse_spam
9201,Make money online work from home earn $5000 weekly guaranteed,1,diverse_spam
9202,Casino online terpercaya bonus 100% deposit pertama withdraw cepat,1,diverse_spam
9203,Forex trading robot profit 99% tanpa loss automated system,1,diverse_spam
9204,Slot online gacor RTP tertinggi maxwin hari ini jp besar,1,diverse_spam
9205,Togel online terpercaya pasaran lengkap diskon besar hadiah fantastis,1,diverse_spam
9206,URGENT claim your lottery prize $1000000 click link now,1,diverse_spam
9207,Free followers Instagram TikTok real no bot guaranteed,1,diverse_spam
9208,Hack WiFi password free download software crack terbaru,1,diverse_spam
9209,Weight loss pills guaranteed results no exercise needed,1,diverse_spam
9210,Russian brides waiting for you signup free today,1,diverse_spam
9211,Your bank account compromised verify now click link urgent,1,diverse_spam
9212,Join telegram group exclusive signals crypto pump profit,1,diverse_spam
9213,Forward pesan ini ke 10 orang atau kena sial 7 tahun,1,diverse_spam
9214,BREAKING NEWS ini bukan hoax share sebelum dihapus pemerintah,1,diverse_spam
9215,Doa pagi ini semoga rezeki lancar bagi yang like dan share amin,1,diverse_spam
9216,Tag 5 teman kamu yang suka makan dan menang hadiah jutaan rupiah,1,diverse_spam
9217,Info penting dari rumah sakit jangan makan mie instan bahaya kanker,1,diverse_spam
9218,Jadwal sholat hari ini untuk wilayah Bandung dan sekitarnya,1,diverse_spam
9219,Ceramah ustadz terkenal tentang sabar dalam menghadapi cobaan hidup,1,diverse_spam
9220,Renungan harian firman Tuhan untuk memulai hari dengan semangat,1,diverse_spam
9221,Komplain layanan GoJek driver tidak sopan bintang 1,1,diverse_spam
9222,Review buruk Tokopedia barang tidak sesuai deskripsi minta refund,1,diverse_spam
9223,PLN mati lagi padahal sudah bayar tagihan listrik mahal,1,diverse_spam
9224,Internet Indihome lemot lagi speed test cuma dapat 2 Mbps,1,diverse_spam
9225,Keluhan pelayanan BPJS antrian panjang 3 jam tidak dilayani,1,diverse_spam
